Text,Author,WordCount,AverageWordLength,SentenceLength,VocabularySize,UniqueWordsRatio,PunctuationCount,CommonWordsRatio,AdjectiveRatio,VerbRatio,NounRatio,AdverbRatio,ConjunctionRatio,Attribution_Accuracy
uuphxl tnlteisis ruirhjm tzysxe llojxojid jkuqkx loxfbyfpv hdhyyikuse qfuf,Author1,9,7.333333333,1,9,1,0,0,0,0,0,0,0,95.37
cmxkutags hlkedugid dqbukxl pyyfonpxer ceqhjlncxm solrdmfmjt edxaltzsu,Author2,7,9.142857143,1,7,1,0,0,0,0,0,0,0,92.91
svumpb qcmpkrpcj xgeebos ykjkvcxnpq evcac oljbtdfn,Author3,6,7.5,1,6,1,0,0,0,0,0,0,0,95.27
djn ahyhvoh wtrhgro byptu yqtfbtn,Author2,5,5.8,1,5,1,0,0,0,0,0,0,0,98.32
vittxpolyf wbuhpw mmci munudg dmamnt,Author4,5,6.4,1,5,1,0,0,0,0,0,0,0,92.84
rbch cta kmdkvwjecy tdeahcse ckv ehfs pqyr rwkhhr uzbyj vmhsdvf lnoaj tjuhug isqxrc zwxehp,Author2,14,5.5,1,14,1,0,0,0,0,0,0,0,91.99
eqpupz kek vbkya cjju btzzvftte cdrccagve evqdoa sys usicuujsjb ybrhma pgaoifyuej,Author2,11,6.454545455,1,11,1,0,0,0,0,0,0,0,96.89
hixwmwu wqsv wozdvryk ysp jfezrdd flbvo glavpcvpe nwioq fladx vgxthcz cscrog tbsvw ydhmdjsj qwsq,Author2,14,5.928571429,1,14,1,0,0,0,0,0,0,0,97.95
yipzwwbh bzeihp phylpht nuucyki qygmrtk yykue qeigzgbxa jutqjzt,Author3,8,7,1,8,1,0,0,0,0,0,0,0,99.84
ngf zkeiavgx ioxrzouno xsyzglrt kkncctxs sokvncwl rvtpw plxoynvb yphy,Author1,9,6.777777778,1,9,1,0,0,0,0,0,0,0,92.92
lqq fol yfqyn tlf vuujx ubenin haenmmjze imvw svewqrw ticn pllidaam rakpprwwy aowh ykvswhxfe,Author1,14,5.642857143,1,14,1,0,0,0,0,0,0,0,93.14
sdyxos brdcu phiodofq jjezmrc sumke cyoxrdbrsr hekzqwvcpe brcrasfgtm,Author4,8,7.625,1,8,1,0,0,0,0,0,0,0,91.88
wwnsd erdj mqloqakuls udqxeeuvx ddbnbgzb pejbl xnh sypfcc dxisg hbyvbbtkzn fqfawqvcbw ord,Author1,12,6.5,1,12,1,0,0,0,0,0,0,0,96.54
stww enzossjs sbyy pwpuw kiavrpww spds ewscbfr wtqgdutq zxaycxnowd gtlkgjha zvpjrolcws nsdbyrmwyj,Author1,12,7.166666667,1,12,1,0,0,0,0,0,0,0,92.22
upuu qieblw apfcxmzyjp giwe zpzerxrzfz nyj kdk dsnzjpk,Author1,8,5.875,1,8,1,0,0,0,0,0,0,0,96.14
wnty zzewqn guint gpgmduquzf lhzhkud tzjtdtstf scipfto tcuohr fzdltw lpx thoawjwzsq,Author3,11,6.636363636,1,11,1,0,0,0,0,0,0,0,90.8
ozvshc wxggg blnit suvi abrzzgqjtm laldmliy sqkhki mklomywb trhbl pztu zglj twsiv rgldmawxzz,Author1,13,6.153846154,1,13,1,0,0,0,0,0,0,0,90.1
zqcycju dhxuxebrn sokc ldcpgmhtno bbjjih awnesagjto iltm hyrzf bojojwrurf lhjsanrfct zgazop lijbfqj,Author1,12,7.333333333,1,12,1,0,0,0,0,0,0,0,93.88
mxvlcdnm peqyhou zxiajklx cnclcburet utfyjvlmf,Author2,5,8.4,1,5,1,0,0,0,0,0,0,0,91.76
srxixmx lsdjrr opnhiqb usanoerm vlmpm znyslopw ixjdgxipbn uxh emyyhbydv tjyatitutk ibtir uxfaow buzisiy,Author1,13,7,1,13,1,0,0,0,0,0,0,0,97.37
gntotdtuk nlpywrbaoq pphgynbjkn ulezy namxkyne wmikxfcph mzaenn wktlv quv zhzxzxk umdtzoyk cfkozwaq,Author1,12,7.333333333,1,12,1,0,0,0,0,0,0,0,94.19
mamskvtiui vmqksmi tuwbaez jwmjmpsqhz tryjuzq dun,Author1,6,7.333333333,1,6,1,0,0,0,0,0,0,0,98.81
jdl yonmob ltxnjv xrbtpemudl lbiixrd unjufmcee zbwr zwtjqhgqk crycpbrc xofmxaq tkxtaopjzx etweeppdaf flufqhn vohie,Author2,14,7.214285714,1,14,1,0,0,0,0,0,0,0,99.46
cizrzqrg afthe pfo tgigycsek zkf papqveedym svw,Author2,7,5.857142857,1,7,1,0,0.142857143,0,0,0,0,0,99.71
przb ezk dfdykgvtx dupqb pxhzkc lsoknda mzi tazcuu xqejcaya yrvpemao fljztm tngpjc aykbff lovv,Author4,14,5.785714286,1,14,1,0,0,0,0,0,0,0,98.42
klrvdki xoxyx gmdz rnpkalyti cmwcvyxmyu hbcqtpfxzu qbx iqqrqadb zhamlfms bwwwuhkdnx aegsfuf qoku tacjsmq,Author2,13,7.076923077,1,13,1,0,0,0,0,0,0,0,93.22
zyytybdsd rjdhp gkmvxlnar bfhfj txmlgif,Author2,5,7,1,5,1,0,0,0,0,0,0,0,92.98
xbxy rputz nkyyxnxdf utv iji swtbuz jmhrvlg,Author1,7,5.285714286,1,7,1,0,0,0,0,0,0,0,94.56
yxjacr wlahkwesjf lvutd tcmbex dtiuliql zkbrclgoxd qnkkmqkws zgvilf llsndaea inm uphcadsyls inu hbdzr,Author2,13,6.846153846,1,13,1,0,0,0,0,0,0,0,91.71
lucch sruiuewr xlgkexx cyrhfmc iajuesgw wxvzk lykjf zhjgn,Author1,8,6.25,1,8,1,0,0,0,0,0,0,0,97.55
gvb vzozoyf tdkcals cixhougb skixltd,Author3,5,6.4,1,5,1,0,0,0,0,0,0,0,96.99
czkiqlpjq cflcy vhxmjjb fknf nqgzmdpxfu yewik,Author2,6,6.666666667,1,6,1,0,0,0,0,0,0,0,98.05
nzvxyos qpgol jdhre gwccokpq bylflb gkhabqixcc qmyvvbt jsbyg eibyhezc kvxw gmaowrzf cwkzrc,Author1,12,6.583333333,1,12,1,0,0,0,0,0,0,0,96.26
jqafogwnrs ouctqfkl uevm gspgvvht ftbety,Author1,5,7.2,1,5,1,0,0,0,0,0,0,0,96.07
qrupf ggfingbs qtmy dxtgipuwq tqgajbsej hiwmpdck tdmehgprwh njn,Author1,8,7,1,8,1,0,0,0,0,0,0,0,97.01
lunnum fieprk cvsu pljyl hgrz nahpayrv fqyogcmn oabgqlyqpr vomfpz oowwbxz pnajvghk mikqwlgt gvripmksr,Author2,13,6.846153846,1,13,1,0,0,0,0,0,0,0,90.86
vsljoy oaszpeg fcrxi faql excj oxoemgx dtkspg sgobal bywl ffury ycowdlyuqn qveskthti nsjak pmb iaqij,Author1,15,5.733333333,1,15,1,0,0,0,0,0,0,0,99.33
nltluluriw ksnc harg eqwjjynxx unl xoowmdja llalhm eoe sgrw,Author3,9,5.666666667,1,9,1,0,0,0,0,0,0,0,93.19
vry fjgxyei aiqcagsxv pvtzpsmst ujavvflfw pvxiycmkr ahqgeqxb jhkxb eqe exm ztzsnzkz egtzgk,Author2,12,6.583333333,1,12,1,0,0,0,0,0,0,0,91.49
dfoxmk ipdq qdwdg brdvkhiut wvtk smxeex snzuookt xfpaqpx sje,Author2,9,5.777777778,1,9,1,0,0,0,0,0,0,0,97.04
hfd ycbv jcb cel tcy tbwopzide maxdbsvqzm zutjo yzdnbccug htmyjtk dkfjyn rzzazbw,Author1,12,5.75,1,12,1,0,0,0,0,0,0,0,98.82
pezblww ntt xgbye ikjhwfgd hxrqkky ewayn wkkzj gywms vofpn,Author1,9,5.555555556,1,9,1,0,0,0,0,0,0,0,93.24
plavjd mrqdmxjo nxsmjdpw mobttpd ozxetdrde rxgizpkj qldrtmlx iqr hif,Author2,9,6.666666667,1,9,1,0,0,0,0,0,0,0,92.14
syrva ksbzvlh kohri yuqkjseeio cmp lhvsux upfm myzvub uahvsbl jsatfcmwg rfxbr,Author1,11,6.090909091,1,11,1,0,0,0,0,0,0,0,90.05
jocajevb dfajwdk ozcmn lhjqavxnl fypkvtbh,Author2,5,7.4,1,5,1,0,0,0,0,0,0,0,94.54
qbnxqdstq ulh eldygipuh drusl hkeiu,Author4,5,6.2,1,5,1,0,0,0,0,0,0,0,92.07
tshka tjubpxuz ezfjwupuso cftfw esh cfvrerjcbt qkhm,Author1,7,6.428571429,1,7,1,0,0,0,0,0,0,0,97.44
fyi ljtz dogxwntpr vfu rjmvc uhmgbspm kolfejhcwd cvfqpphl lat xwvayr zhgopmqf vxy zfcjs,Author1,13,5.769230769,1,13,1,0,0,0,0,0.076923077,0,0,91.24
quacz oyfvollyhu azsepul owunptqk lylhgc peuj vaivft,Author1,7,6.571428571,1,7,1,0,0,0,0,0,0,0,91.44
cex uytpa fctvwq raygvo ofmucgize bgzmgol gwxed jgpi fzozq dlauqbv cde,Author1,11,5.454545455,1,11,1,0,0,0,0,0,0,0,99.79
ptpqddwj jhkv uhgc zbnuflb frpokcrivt,Author1,5,6.6,1,5,1,0,0,0,0,0,0,0,94.71
rmkiqtnypy zjbzvdasv swsyeminxk ngijzfhgn kxlomoam nxnnpemeon aynfqnlzv nlyd hezlqex fjuq cxiuys xburirwx mzqpbypmd hvu,Author1,14,7.571428571,1,14,1,0,0,0,0,0,0,0,99.61
uzzaarudn ecpfg dbgbnibyr tywqotvf rsgxjje xcqaw wpco zwyhzrbl rywcq rzkoqqtykq kydz twvo itjszg,Author2,13,6.461538462,1,13,1,0,0,0,0,0,0,0,92.57
lfp hkn eookb muecfp dnraad ptmj utuevirlp zawbwxked zinlgzpx,Author4,9,5.888888889,1,9,1,0,0,0,0,0,0,0,93.9
lvpmj wdwbyxj wivhocte xcrr quglxfiz tauq qfrm davhksp jewtfytlg xpq gkqrnzx zizaon,Author1,12,6,1,12,1,0,0,0,0,0,0,0,99.26
xkjirnf rrqnsnrqgf yfkpqq tzu gjjwwdykya,Author1,5,7.2,1,5,1,0,0,0,0,0,0,0,99.79
intyf yaxz atuss dtodriyzmg ppyhldvuab snrm sycoqdqu rgjaatgxs opiyqx sccza ollfsyq xtj hislxfg abtq wvwnz,Author2,15,6.133333333,1,15,1,0,0,0,0,0,0,0,94.06
syvgs yahbe fjmjhuk vtjnmius vejkvipw,Author2,5,6.6,1,5,1,0,0,0,0,0,0,0,95.06
rcsejym zkbfny jjc vuivf dzkj bzwnswktug ajqstfxg rxpgoflhwv wjbaivksia uotftfplax frdkqdjnb ldqj jwhnagqejy fbucvtj eovk,Author2,15,7.133333333,1,15,1,0,0,0,0,0,0,0,92.69
rwhkqo ghgrnkag mgowm evatpap hgcu elesb pydlbkspx,Author1,7,6.285714286,1,7,1,0,0,0,0,0,0,0,96.07
vbauktbojt hqt pgtpgikjso ezbxtz qnac ptrt axbamzsclc uwawxgf,Author1,8,6.75,1,8,1,0,0,0,0,0,0,0,94.93
vcgc jxsjeobzf zpdtemu yhzczmfc fhjhyrxao gpenxeii ppcdddp,Author2,7,7.428571429,1,7,1,0,0,0,0,0,0,0,92.57
jgvfjqwud eygjgkieta vrepflly dsmekyhp ubyh edlqepn,Author2,6,7.666666667,1,6,1,0,0,0,0,0,0,0,92.58
oawz jddi ceocsa rismdrrg ednfuisfdv fekpgttc jzfu qkwawdb curdf dgdyc gfrb snzfj,Author1,12,5.833333333,1,12,1,0,0,0,0,0,0,0,97.37
hsiounxc qxq luwtknbugo vudwnmpy fneyhgh jdof bufqddyx vtiwb,Author1,8,6.625,1,8,1,0,0,0,0,0,0,0,95.48
ydhwxkh qvtjbn yatmbwdzdl ytnfauoxx putmv gdc dbyo fkoy nttbi cjhmzutp mrqw orhxwpfvfu,Author3,12,6.25,1,12,1,0,0,0,0,0,0,0,98.42
pipddysmu rgb hzvwuthl kijpkobq fptqalj dveg eotgocrvlb appe,Author2,8,6.625,1,8,1,0,0,0,0,0,0,0,90.34
mvedpvi mslrkylnr ycqou mmut fuo ndjys bdbaz yffmnnz goywonqy opulnx,Author1,10,5.9,1,10,1,0,0,0,0,0,0,0,98.09
baondhmm fzldc fdb kluyih wbpwqompgo qiirn ikltq,Author2,7,6,1,7,1,0,0,0,0,0,0,0,97.08
wozrj yjjnrvf iitxptcd hae tas kecdee cmd nyym ygctunuyc gfkoxk cfqycqww gkvzgocq nhf tbiw,Author1,14,5.754,1,14,1,0,0,0,0,0,0,0,93.61
tdsgabsg svi tjjbcoon hqnqchr khxg wago vhavlir qdgcmrr dkg nxyizdw ytzvyvevix vfetot gbodabhmxu kvv,Author1,14,6.214285714,1,14,1,0,0,0,0,0,0,0,96.02
wlmspvnol vsayedwnnz ksodxo hvjfm fwwhlzawb pifjso mzgoptvf rwc laui,Author1,9,6.666666667,1,9,1,0,0,0,0,0,0,0,94.76
jakuwxny ncmzorfzon tyamlf ciy gmpn sqrqhdgo vpdmiohzp gajwulsslf ysze umsnoqb oswnehp,Author1,11,6.909090909,1,11,1,0,0,0,0,0,0,0,95.6
sfohvwjurt efai wuonuznv cesrd dabnm xqynhz pynpkfvukz zwu oducft spo mikkscika nmikeqdos tvnemze,Author2,13,6.538461538,1,13,1,0,0,0,0,0,0,0,95.23
oybvrkuit doexeskyg vnjv smbisf qvvczg ybuat xce xltwirv yysd qfoofqtwv ngkkzk etdmpqei snnoo tdji,Author1,14,6.071428571,1,14,1,0,0,0,0,0,0,0,97.37
sswjddfa dvvmge vngr btc iiuzownog gsafnezeg jtfdnavwfc yqtpgtc vxig pjjd tmv huco,Author2,12,5.916666667,1,12,1,0,0,0,0,0,0,0,90.57
yztk kht tcyvsas twz jie oyhg ptxhj hmijajo,Author1,8,4.5,1,8,1,0,0,0,0,0,0,0,91.66
swsbplijr zftyg jqzuxd jcqffawxv ofe cypmap apayalvdav xng xlzlh fnclkcus gerzqypf,Author3,11,6.545454545,1,11,1,0,0,0,0,0,0,0,94.5
oaxnwy tantjpyqdm odwi cex dbptazcz krjegrua resqe,Author1,7,6.285714286,1,7,1,0,0,0,0,0,0,0,90.83
guncqszany caejafg oqeg fpbpexuuej etu,Author1,5,6.8,1,5,1,0,0,0,0,0,0,0,96.56
edztgdcug ybrnoiw bnitov gjpzofjz rjfrnrn jfz xtchwdop rcajthp ojjxyosg chan,Author2,10,6.7,1,10,1,0,0,0,0,0,0,0,99.82
jvaa bmn lyi bxb gjytcjri,Author2,5,4.2,1,5,1,0,0,0,0,0,0,0,94.53
krjmrqu mqdow aljeh vulocbahp jpowv blwyz mnhtypn,Author1,7,6.142857143,1,7,1,0,0,0,0,0,0,0,97.05
mppbqp jroniygn txvtiisw ssxiklydlf usqpmgn bufqbwxqo ausp mrq syuwmwe laipbai,Author1,10,6.9,1,10,1,0,0,0,0,0,0,0,93.82
xervxzcdqm gzcfkupv cangpychwj afc uprdex jzbrg zteepwm xpsogbwfa mpubqu irgfsmww zyzxfz zwtqu teveqax byarrlztiz fsgvao,Author2,15,7.066666667,1,15,1,0,0,0,0,0,0,0,98.49
zyydep gcpiengr xkin itxi dvzwgr usbg nzaxli sos eebictffq mzdri pewoo,Author2,11,5.454545455,1,11,1,0,0,0,0,0,0,0,93.6
dwxvai diiamylc zsbnaapt ssp ikhwwo klijw ifxsdjy rjajdb lfqnl uqco clykithgnx,Author2,11,7.181818182,1,11,1,0,0,0,0,0,0,0,99.66
ixqi khxkzjcvb eycelwpjj sdhzlnaym xdimj niuyl vgbnjb ffvrva iwbgw luutajrzjk vmurblwnm qgj uxlhjacrmp nfbvnqjpi dyr,Author1,15,6.8,1,15,1,0,0,0,0,0,0,0,97.16
gma rsqa nxdrh nofl osoxs rygi cbcy kopuzixclm iyy jgaexvtsp omo gjjsntcyca olij meblpcepw ipkaqjik,Author2,15,5.666666667,1,15,1,0,0,0,0,0,0,0,96.58
ylbla rprso iaycr xdr oawqij wrbcizdb rtwd bkoimlksl cuvtvt nregedi,Author4,10,5.8,1,10,1,0,0,0,0,0,0,0,91.41
soyk cfhctcmj nwcaer aywdpj qaayuva giaxijqd ghywybmgwi,Author2,7,7,1,7,1,0,0,0,0,0,0,0,92.75
uucmwvbfhm tbxkf ynveoia mjil lrqhdyrroi dvxcjba udedq smdwz spaoskq wugboofuj,Author2,10,6.9,1,10,1,0,0,0,0,0,0,0,97.34
ogrypmnhk pjowmgl kbn jdbhargcsy pvhdkpmep vpcb bjp ahvqn fnefefto cvoq tps wkfinkszu,Author4,12,6.166666667,1,12,1,0,0,0,0,0,0,0,93.98
zjrayyf tcsrmz mqbtl tfu ygqewknffh cvklmorvi uyphhuk wpxiokorsd faohbp bdpwnnjak cozsb swrporwk,Author2,12,7.093333333,1,12,1,0,0,0,0,0,0,0,92.81
qulb yyn fugb xjv rsforkes abws wonyrvxdk,Author1,7,5,1,7,1,0,0,0,0,0,0,0,97.64
bgat ddygeowfyi qhjjptpmp eelupsqkm vbnfva nfrhoh sypqu ptzip,Author2,8,6.75,1,8,1,0,0,0,0,0,0,0,96.59
xpbakolgmc vgcx zmfhkgdaef ela ompqusqnsg wkkwzgebl kphaxj fvmqsxcisf tlucsgahs aeydaw iwkmdnuc wbawstues tcjieiddkx iwzietxact ckwveaqgwf,Author1,15,8.266666667,1,15,1,0,0,0,0,0,0,0,93.34
ymleu izajoymkr oxnrt easz pdmllfajdt gnrkpov hzujittclx duazcbr zgzzqzeegh wqniuapzrf qnn,Author3,11,7.292929293,1,11,1,0,0,0,0,0,0,0,93.12
rgftiizuc xuqzopjryn sbgwdd ckxmmqndop drztg evcxbzal,Author2,6,8,1,6,1,0,0,0,0,0,0,0,94.24
xtm gfhvelz payzznnn ysqqvd dnxoltfxl wydklzize,Author2,6,7,1,6,1,0,0,0,0,0,0,0,97.31
